Station,Parametr,Month,RR,P,b
bor,tavg,1,0.14,0.00943,0.0293
bor,tavg,2,0.37,1e-5,0.0958
bor,tavg,3,0.88,0,0.118
bor,tavg,4,0.54,0,0.0816
bor,tavg,5,0.67,0,0.0563
bor,tavg,6,0.41,0,0.0643
bor,tavg,7,0.01,0.46249,0.00323
bor,tavg,8,0.1,0.03374,0.00953
bor,tavg,9,0.09,0.03965,0.0128
bor,tavg,10,0.64,0,0.0593
bor,tavg,11,0.07,0.06814,-0.0234
bor,tavg,12,0.04,0.17802,0.0184
